176,Bermuda,0.53,0.46,0.49,0.52,0.50,0.50,0.50,0.71,0.77,0.94,0.66,0.55,0.45,0.52,0.51,0.51,0.52,0.52,0.52,0.52,0.52,0.52,0.52,0.56,0.61,0.63,1,10.07,27%,5%
7,Canada,458.35,443.01,424.26,411.69,434.78,444.80,429.08,446.62,479.54,494.05,474.83,467.37,485.09,486.99,498.82,510.81,521.98,548.96,554.36,567.82,565.22,553.55,573.25,602.46,614.69,632.01,614,18.81,18%,-3%
179,Greenland,0.01,0.01,0.00,0.00,0.00,NA,NA,NA,NA,NA,NA,NA,0.50,0.52,0.52,0.52,0.53,0.54,0.55,0.55,0.56,0.58,0.58,0.59,0.59,0.60,1,10.85,16%,2%
13,Mexico,240.43,266.61,282.25,260.90,279.26,280.83,267.64,277.84,277.00,290.94,302.35,309.99,313.55,317.06,336.62,321.57,332.91,349.75,371.59,363.83,383.44,380.29,383.77,389.07,384.75,406.53,436,4.05,31%,7%
207,Saint Pierre and Miquelon,0.15,0.15,0.13,0.15,0.14,0.13,0.17,0.22,0.23,0.27,0.26,0.25,0.23,0.13,0.13,0.09,0.09,0.06,0.07,0.07,0.08,0.07,0.07,0.08,0.08,0.08,0.1,11.87,-3%,1%
2,United States,"4,788.65","4,666.19","4,421.14","4,384.34","4,631.39","4,618.13","4,628.86","4,792.36","5,013.42","5,087.94","5,028.46","4,981.65","5,079.53","5,189.10","5,267.00","5,323.97","5,511.50","5,591.68","5,619.66","5,682.26","5,860.38","5,762.33","5,823.80","5,877.73","5,969.28","5,994.29","5,903",19.78,7%,-2%
,North America,"5,488.11","5,376.43","5,128.28","5,057.60","5,346.08","5,344.38","5,326.25","5,517.75","5,770.97","5,874.14","5,806.56","5,759.80","5,879.35","5,994.32","6,103.61","6,157.47","6,367.52","6,491.51","6,546.75","6,615.05","6,810.19","6,697.34","6,782.00","6,870.49","6,970.01","7,034.15","6,954",15.85,9%,-1%
193,Antarctica,0.14,0.14,0.15,0.14,0.18,0.20,0.20,0.20,0.21,0.21,0.21,0.22,0.22,0.22,0.22,0.23,0.23,0.23,0.23,0.23,0.23,0.23,0.23,0.24,0.24,0.25,0.3,NA,12%,1%
175,Antigua and Barbuda,0.41,0.36,0.49,0.29,0.32,0.31,0.32,0.39,0.40,0.40,0.42,0.41,0.42,0.44,0.46,0.48,0.48,0.49,0.49,0.49,0.51,0.51,0.51,0.55,0.59,0.65,1,9.60,39%,3%
28,Argentina,92.87,90.20,96.48,98.24,103.84,97.47,103.55,110.14,111.69,112.54,102.69,108.89,109.94,119.89,116.58,119.84,130.16,130.37,136.11,140.12,138.42,128.37,121.21,134.19,140.86,151.93,162,4.06,25%,7%
165,Aruba,- -,- -,- -,- -,- -,- -,0.11,0.11,0.42,0.56,0.59,0.63,0.69,0.70,0.75,0.87,0.57,0.91,0.92,0.92,0.96,0.96,0.96,1.02,1.03,1.13,1,9.46,62%,-17%
119,"Bahamas, The",3.99,4.27,3.62,2.71,2.46,2.23,2.41,2.67,2.45,2.81,2.99,2.58,2.22,2.32,2.68,3.18,3.58,3.54,4.04,3.62,3.50,3.42,3.42,4.19,4.25,4.91,5,16.48,40%,2%
154,Barbados,0.97,1.03,1.02,1.08,1.04,1.15,1.30,1.22,1.16,1.25,1.30,1.31,1.35,1.36,1.27,1.34,1.05,1.44,1.48,1.51,1.71,1.65,1.65,1.68,1.16,1.53,1,5.34,42%,-2%
163,Belize,0.23,0.21,0.19,0.19,0.21,0.21,0.26,0.21,0.15,0.22,0.31,0.35,0.30,0.30,0.28,0.33,0.27,0.44,0.44,0.45,0.66,0.86,0.81,0.85,0.91,0.97,1,3.44,265%,2%
94,Bolivia,4.46,4.65,4.08,4.49,4.25,3.78,3.84,3.73,4.18,4.80,5.07,4.93,6.24,6.75,8.15,7.66,7.29,7.96,7.56,8.74,9.26,8.04,9.37,11.70,11.73,11.56,12,1.38,70%,7%
17,Brazil,185.86,175.41,172.96,164.03,181.16,193.00,213.02,219.52,221.83,227.13,237.70,246.13,237.80,258.39,269.50,289.53,307.16,325.95,324.59,336.22,344.91,349.05,347.16,346.35,356.32,370.55,377,2.01,23%,2%
182,Cayman Islands,0.10,0.11,0.11,0.10,0.11,0.11,0.11,0.11,0.27,0.27,0.27,0.29,0.30,0.29,0.31,0.34,0.34,0.34,0.35,0.35,0.34,0.35,0.35,0.36,0.39,0.41,0.4,9.20,23%,3%
50,Chile,23.90,23.19,19.62,19.94,20.70,20.56,19.27,20.43,23.98,29.70,31.98,30.61,31.63,33.48,36.85,40.27,45.62,54.05,54.40,59.70,55.28,54.68,54.01,58.21,64.37,69.51,65,4.01,42%,-7%
51,Colombia,39.75,41.07,41.87,43.04,45.75,45.36,45.24,42.77,47.30,47.73,41.51,48.00,53.82,55.27,54.00,54.15,57.03,62.98,64.53,57.88,57.83,56.64,53.19,57.25,55.95,60.25,62,1.42,9%,3%
115,Costa Rica,2.27,2.26,2.12,2.25,1.97,2.09,1.99,2.32,2.72,2.89,2.74,2.89,3.64,3.98,4.03,4.72,4.47,4.48,5.00,5.14,5.01,5.22,5.30,5.72,5.54,5.57,6,1.41,29%,3%
75,Cuba,29.95,30.51,33.05,30.18,31.32,32.00,34.98,34.43,35.10,36.28,35.39,32.53,28.88,28.62,29.12,30.85,30.24,33.53,32.60,33.31,32.86,33.26,34.11,33.24,33.14,28.62,29,2.52,-5%,0%
206,Dominica,0.03,0.03,0.04,0.03,0.04,0.04,0.04,0.04,0.06,0.06,0.06,0.06,0.06,0.06,0.07,0.08,0.08,0.08,0.08,0.08,0.08,0.10,0.11,0.12,0.11,0.09,0.1,1.36,21%,6%
85,Dominican Republic,5.44,5.22,5.58,6.75,5.91,6.63,6.87,8.09,8.56,8.15,9.06,9.23,10.35,9.20,9.89,11.02,11.62,12.24,12.68,14.37,15.80,16.59,17.15,19.58,18.14,17.46,17,1.89,50%,0%
77,Ecuador,12.78,13.44,14.58,12.91,12.81,13.53,14.78,13.60,14.65,13.93,15.09,15.88,18.39,16.62,18.00,19.29,19.73,20.16,21.45,19.56,20.08,21.52,21.73,22.43,23.53,24.65,25,1.88,29%,3%
114,El Salvador,1.99,1.73,1.65,1.83,1.85,1.94,2.19,2.16,2.32,2.23,2.39,2.75,3.22,3.23,3.62,4.65,4.39,4.68,5.48,5.48,5.51,5.70,5.77,6.08,6.02,6.21,6,0.92,43%,1%
210,Falkland Islands ,0.01,0.01,0.01,0.01,0.01,0.01,0.02,0.02,0.03,0.03,0.03,0.03,0.03,0.03,0.03,0.03,0.03,0.03,0.03,0.03,0.03,0.03,0.03,0.03,0.03,0.04,0.0,NA,25%,4%
160,French Guiana,0.35,0.30,0.38,0.39,0.31,0.31,0.38,0.43,0.51,0.58,0.68,0.77,0.63,0.87,0.87,0.97,0.97,0.97,0.98,0.98,1.00,1.00,1.02,1.07,1.04,1.06,1,NA,11%,2%
191,Grenada,0.05,0.05,0.06,0.06,0.06,0.06,0.07,0.07,0.08,0.08,0.12,0.12,0.13,0.14,0.16,0.15,0.17,0.21,0.19,0.19,0.12,0.20,0.23,0.24,0.24,0.25,0.3,3.03,63%,10%
147,Guadeloupe,0.49,0.69,0.87,0.92,1.01,0.93,0.94,1.09,1.20,1.33,1.44,1.51,1.39,1.62,1.67,1.71,1.70,1.72,1.72,1.72,1.81,1.83,1.87,1.94,1.99,2.08,2,NA,24%,1%
97,Guatemala,4.16,3.61,3.53,3.66,3.22,3.62,3.23,3.24,3.51,3.58,3.78,3.57,4.36,4.79,5.44,6.07,6.31,6.96,8.48,8.69,9.07,10.01,10.28,10.26,10.84,11.10,11,0.90,78%,1%
153,Guyana,1.42,1.64,1.32,1.17,1.34,1.35,1.40,1.06,1.05,0.70,0.67,0.79,0.88,1.15,1.15,0.97,1.04,1.13,1.44,1.53,1.69,1.73,1.76,1.71,1.53,1.69,2,2.15,59%,-3%
151,Haiti,0.85,0.57,0.80,0.72,0.73,0.84,0.82,1.29,1.43,1.25,0.74,0.79,0.88,0.62,0.54,0.94,1.11,1.44,1.34,1.48,1.52,1.65,1.71,1.70,1.74,1.76,2,0.21,61%,2%
107,Honduras,1.70,1.51,1.54,1.64,1.66,1.57,1.73,1.71,1.96,2.37,2.73,2.67,2.74,2.72,3.00,3.47,3.89,3.83,4.36,4.87,4.59,5.32,5.97,6.01,7.00,7.28,7,1.02,92%,3%
96,Jamaica,7.79,6.70,5.66,6.01,5.01,4.50,4.86,5.22,6.11,7.06,7.54,7.83,8.52,8.63,8.87,9.96,10.08,10.54,10.90,11.22,10.83,10.90,11.16,11.58,11.62,11.24,12,4.36,19%,7%
145,Martinique,0.63,0.63,0.63,0.62,0.55,0.67,0.76,0.86,1.03,1.46,1.57,1.30,1.47,2.01,1.98,2.02,2.02,2.02,2.02,2.02,2.06,2.06,2.08,2.17,2.24,2.36,2,NA,18%,1%
208,Montserrat,0.02,0.02,0.02,0.02,0.02,0.02,0.02,0.03,0.03,0.03,0.04,0.03,0.04,0.04,0.04,0.05,0.04,0.05,0.05,0.05,0.05,0.05,0.05,0.06,0.07,0.07,0.1,7.67,63%,4%
98,Netherlands Antilles,15.99,14.79,14.17,13.13,12.44,10.41,10.10,10.39,9.48,9.83,9.74,9.21,9.55,9.25,9.65,11.41,11.41,12.05,12.01,11.71,11.62,11.71,10.79,10.77,10.89,10.82,11,49.13,-4%,1%
127,Nicaragua,1.84,1.91,1.91,1.82,1.74,1.97,2.10,2.09,2.12,2.10,2.01,1.93,2.35,2.30,2.52,2.78,2.93,3.02,3.47,3.74,3.70,3.94,4.05,4.11,4.43,4.73,5,0.82,56%,-3%
88,Panama,5.39,5.24,4.73,5.02,4.90,3.61,11.27,11.73,11.30,11.15,11.80,11.83,12.24,12.04,13.54,14.45,12.42,12.78,13.98,13.06,12.94,13.46,12.68,12.61,14.15,13.79,14,4.52,16%,5%
132,Paraguay,1.39,1.27,1.25,1.32,1.44,1.46,1.52,1.93,1.72,2.31,2.20,2.02,2.33,2.47,2.90,3.34,2.70,2.96,3.37,3.81,3.56,3.45,3.60,3.73,3.75,3.69,4,0.58,39%,2%
74,Peru,21.84,22.78,26.15,24.03,22.81,22.83,25.48,24.61,24.77,21.42,20.10,18.90,20.15,22.27,23.24,24.75,25.76,25.40,26.06,26.66,26.97,26.16,26.25,26.56,29.12,30.11,30,1.05,16%,-1%
68,Puerto Rico,28.88,31.03,22.69,22.09,24.38,21.07,22.97,24.10,21.62,20.46,20.23,24.03,23.35,24.49,25.26,24.28,24.22,24.98,27.52,26.35,27.72,34.55,35.24,37.50,38.25,39.95,41,10.55,71%,4%
201,Saint Kitts and Nevis,0.05,0.05,0.06,0.05,0.05,0.05,0.05,0.06,0.07,0.07,0.07,0.08,0.08,0.09,0.10,0.09,0.10,0.10,0.10,0.10,0.10,0.10,0.10,0.12,0.13,0.14,0.1,3.57,33%,2%
184,Saint Lucia,0.11,0.09,0.11,0.10,0.10,0.12,0.12,0.13,0.17,0.17,0.17,0.17,0.18,0.17,0.19,0.20,0.20,0.21,0.21,0.21,0.33,0.35,0.35,0.39,0.37,0.38,0.4,2.27,95%,2%
197,Saint Vincent/Grenadines,0.04,0.03,0.04,0.04,0.04,0.04,0.04,0.04,0.05,0.08,0.08,0.08,0.08,0.08,0.12,0.13,0.13,0.13,0.16,0.16,0.17,0.17,0.18,0.19,0.20,0.20,0.2,1.73,63%,3%
148,Suriname,2.09,1.81,1.61,1.17,0.98,1.24,1.32,1.16,1.11,1.19,1.51,1.49,1.44,1.50,1.49,1.51,1.50,1.52,1.54,1.54,1.61,1.70,1.79,1.83,1.91,1.97,2,4.31,34%,2%
63,Trinidad and Tobago,10.56,10.10,9.88,15.06,16.05,17.86,16.78,16.98,17.21,17.43,18.19,18.61,17.40,19.28,21.74,22.63,24.21,25.70,25.53,26.26,27.51,30.01,30.89,29.78,32.56,39.25,47,44.32,95%,20%
212,Turks and Caicos Islands,NA,NA,NA,NA,NA,NA,NA,NA,NA,NA,NA,NA,NA,NA,NA,NA,NA,NA,NA,NA,NA,NA,0.01,0.01,0.01,0.01,0,0.65,#VALUE!,7%
112,Uruguay,5.76,5.19,4.92,3.89,3.69,3.45,3.45,3.98,4.72,4.88,4.50,4.24,4.52,4.95,4.66,4.66,4.95,5.23,6.40,7.27,6.52,4.95,5.37,5.56,6.04,6.29,6,1.85,28%,1%
29,Venezuela,94.27,101.54,101.61,96.10,96.15,96.41,104.34,105.72,104.07,108.03,109.73,111.48,111.72,113.54,119.41,124.41,133.29,134.96,142.34,133.09,134.46,148.70,146.70,133.64,142.84,150.41,152,5.93,14%,1%
91,"Virgin Islands,  U.S.",16.94,15.14,11.00,7.74,9.00,10.12,6.65,7.94,5.26,7.77,7.45,7.97,8.35,8.40,8.37,8.56,8.53,8.30,8.75,8.89,9.85,14.31,13.75,15.27,18.36,13.77,13,118.30,51%,-7%
205,"Virgin Islands, British",0.02,0.03,0.03,0.03,0.03,0.03,0.04,0.04,0.05,0.05,0.05,0.05,0.05,0.05,0.05,0.05,0.06,0.06,0.06,0.06,0.06,0.06,0.06,0.07,0.09,0.10,0.1,4.27,63%,4%
,Central & South America,627.76,620.59,612.58,595.01,621.64,625.17,670.94,688.06,698.08,716.54,716.95,739.19,744.31,784.63,812.82,858.41,904.07,950.16,975.46,983.88,992.81,"1,015.58","1,005.01","1,022.68","1,065.71","1,110.78","1,138",2.51,26%,2%
123,Albania,8.87,8.89,8.85,9.11,9.25,9.34,9.34,8.84,9.19,8.23,6.07,4.39,4.17,3.17,2.26,2.42,1.96,1.95,2.30,2.94,3.26,3.57,3.76,4.22,4.38,4.65,5,1.31,140%,1%
45,Austria,55.97,54.62,51.20,51.19,54.52,55.23,53.98,55.11,52.83,53.00,55.81,60.32,57.06,58.49,57.90,59.44,65.04,64.49,67.36,64.85,64.74,68.85,71.69,75.27,76.16,79.43,76,9.32,17%,-4%
32,Belgium,136.10,138.56,129.66,114.69,119.23,119.69,121.08,120.23,117.35,123.90,125.76,130.43,124.80,126.13,135.73,139.28,143.07,145.98,151.18,143.49,148.57,145.72,142.55,151.23,153.66,151.11,148,14.22,3%,-2%
86,Bosnia and Herzegovina,- -,- -,- -,- -,- -,- -,- -,- -,- -,- -,- -,- -,18.91,15.12,5.01,8.85,4.53,9.53,11.85,11.74,14.13,13.43,15.13,15.04,16.19,17.19,17,3.87,284%,1%
62,Bulgaria,88.91,86.80,89.76,89.84,90.75,92.92,97.31,96.57,92.69,85.83,76.19,56.82,57.64,52.06,51.03,52.05,53.53,54.11,49.90,44.77,49.11,52.48,48.34,51.78,51.23,52.18,49,6.63,-9%,-6%
78,Croatia,- -,- -,- -,- -,- -,- -,- -,- -,- -,- -,- -,- -,16.60,16.97,17.79,18.35,17.44,18.72,19.88,20.10,20.13,20.26,21.26,22.60,21.87,21.17,21,4.77,23%,1%
103,Cyprus,2.83,2.44,2.60,2.88,2.98,3.21,3.57,4.02,4.02,4.88,5.09,5.13,6.04,6.15,6.90,6.77,6.73,6.76,7.27,7.90,7.53,8.20,8.11,8.11,8.60,8.84,9,11.37,32%,1%
36,Czech Republic,- -,- -,- -,- -,- -,- -,- -,- -,- -,- -,- -,- -,- -,130.95,121.87,122.92,133.85,123.30,114.90,105.66,113.45,116.83,112.30,114.85,110.93,114.84,116,11.36,-13%,1%
53,Denmark,65.21,60.57,55.67,51.68,54.72,63.67,65.13,64.56,59.42,59.38,57.41,64.54,61.63,59.49,65.07,69.56,72.87,75.07,60.29,57.86,54.72,56.28,53.36,62.02,56.57,51.93,59,10.85,-19%,14%
174,Faroe Islands,NA,NA,NA,NA,NA,NA,NA,NA,NA,NA,NA,NA,0.61,0.61,0.62,0.65,0.67,0.67,0.66,0.66,0.67,0.67,0.67,0.68,0.69,0.69,1,14.47,5%,1%
55,Finland,55.49,52.25,47.01,44.35,42.91,46.95,50.50,51.07,49.35,51.85,53.42,51.42,49.63,52.61,58.28,50.06,53.31,54.06,50.35,48.12,50.32,53.44,53.79,67.19,61.85,52.14,58,11.15,9%,12%
59,Former Serbia and Montenegro,- -,- -,- -,- -,- -,- -,- -,- -,- -,- -,- -,- -,45.32,39.07,37.77,30.72,49.77,50.94,53.48,40.44,42.96,43.70,48.89,52.42,53.74,53.07,52,4.81,5%,-2%
15,France,490.12,444.81,424.41,409.54,395.71,397.68,363.62,356.11,340.90,365.94,368.57,393.78,382.89,369.23,361.91,373.23,391.27,384.86,409.85,403.76,402.27,406.03,402.26,408.83,416.28,414.36,418,6.60,7%,1%
6,Germany,- -,- -,- -,- -,- -,- -,- -,- -,- -,- -,- -,930.29,896.37,894.35,877.03,885.68,891.73,889.41,871.70,840.85,856.92,877.71,857.35,874.04,871.88,852.57,858,10.40,-4%,1%
128,Gibraltar,0.49,0.55,0.49,0.39,0.36,0.82,1.44,1.45,1.88,1.61,1.67,1.72,3.09,3.21,3.23,3.24,3.25,3.24,3.72,3.25,7.30,3.97,4.03,4.14,4.27,4.38,4,160.22,38%,2%
37,Greece,52.11,52.73,51.31,54.68,56.08,60.88,63.95,70.01,75.12,78.44,81.35,81.30,79.50,83.18,84.65,85.82,86.55,91.07,96.83,95.59,101.27,103.10,102.36,106.15,105.12,105.28,107,10.02,24%,2%
54,Hungary,84.05,83.17,82.65,81.21,81.91,82.76,77.57,77.20,72.66,71.59,66.74,66.14,62.74,59.21,58.88,57.98,59.49,59.35,58.05,58.26,55.86,57.39,57.48,59.63,58.04,59.59,59,5.88,-1%,-2%
133,Iceland,1.65,1.56,1.56,1.62,1.69,1.85,1.96,2.04,2.13,2.27,2.36,2.22,2.32,2.46,2.55,2.50,2.76,2.80,2.94,2.97,3.18,3.04,3.17,3.19,3.32,3.32,3,11.50,25%,4%
64,Ireland,21.47,20.67,20.20,19.72,19.14,20.06,23.74,24.51,23.59,24.38,25.96,26.91,27.59,28.26,29.43,30.42,31.85,34.76,36.66,38.68,40.75,43.38,42.48,41.25,43.20,44.15,47,11.54,47%,6%
11,Italy,372.20,366.20,355.79,346.77,351.20,366.32,372.01,392.39,397.56,413.01,416.07,417.09,415.62,412.70,404.25,432.07,424.10,424.51,441.44,441.17,448.43,445.49,452.57,475.15,469.83,472.78,468,8.05,10%,-1%
93,Luxembourg,11.72,10.11,9.47,8.89,9.82,9.84,9.77,9.22,9.71,10.31,10.77,11.41,11.29,11.96,11.02,8.93,9.11,8.70,8.03,8.50,9.03,9.48,10.45,11.03,12.30,12.59,12,26.28,37%,-1%
110,Macedonia,- -,- -,- -,- -,- -,- -,- -,- -,- -,- -,- -,- -,9.30,9.77,8.96,9.28,9.86,9.79,10.82,9.92,8.41,8.30,8.11,8.02,8.15,8.00,7,3.50,-27%,-10%
134,Malta,1.26,1.38,1.50,1.11,1.59,1.38,1.62,1.81,2.08,2.27,2.38,2.40,2.38,2.78,2.76,2.52,2.61,2.79,2.90,3.31,2.91,2.47,2.94,2.92,2.98,3.08,3,7.78,19%,1%
23,Netherlands,201.44,193.57,181.88,174.28,184.27,191.61,195.99,201.23,204.46,203.58,212.07,219.50,213.20,222.98,223.21,223.68,228.94,239.93,241.99,239.13,251.73,278.40,259.11,261.38,270.56,272.69,260,15.79,14%,-4%
66,Norway,33.61,31.19,28.73,29.48,30.74,33.97,36.51,34.52,34.06,36.05,34.82,32.40,35.70,34.19,36.14,37.94,39.82,41.85,42.14,44.11,41.28,41.63,42.22,45.05,48.08,42.29,45,9.79,13%,7%
20,Poland,432.52,389.82,393.46,394.40,412.24,425.62,431.40,444.60,433.48,416.23,336.40,332.14,330.33,341.32,324.47,310.65,347.32,339.36,316.25,329.29,295.00,278.63,276.45,289.19,294.50,289.80,303,7.87,-13%,5%
52,Portugal,23.58,21.10,27.44,28.06,27.08,29.24,31.45,32.66,34.11,43.11,44.06,44.49,47.73,45.99,46.68,51.04,48.66,52.68,56.38,63.61,63.76,61.28,66.19,62.05,63.57,66.25,62,5.82,27%,-7%
40,Romania,171.36,174.14,179.94,186.84,181.46,183.35,188.44,193.21,191.24,197.54,176.16,135.72,129.94,123.14,116.81,122.94,126.51,120.40,100.62,91.22,93.33,102.07,100.14,99.83,99.67,98.30,99,4.42,-22%,0%
71,Slovakia,- -,- -,- -,- -,- -,- -,- -,- -,- -,- -,- -,- -,- -,42.96,40.31,42.63,44.00,41.56,38.87,37.39,36.56,39.78,39.26,39.53,38.41,39.80,38,7.01,-13%,-4%
84,Slovenia,- -,- -,- -,- -,- -,- -,- -,- -,- -,- -,- -,- -,12.70,13.28,13.23,15.39,16.75,16.65,16.27,16.41,15.72,16.11,16.57,16.83,16.85,17.12,18,8.77,5%,3%
18,Spain,202.89,215.37,231.94,237.76,223.14,217.93,211.34,213.02,212.33,234.30,236.84,249.38,254.21,242.41,248.35,251.17,244.72,272.40,281.94,308.64,326.92,331.53,348.98,357.27,370.95,384.04,373,9.22,52%,-3%
56,Sweden,82.36,72.90,63.30,59.46,57.36,61.96,65.80,64.15,61.62,58.22,57.20,56.59,59.08,60.69,64.87,64.26,67.47,65.92,66.26,64.80,60.78,60.36,57.23,60.89,60.45,58.21,57,6.36,-15%,-1%
65,Switzerland,47.24,39.87,37.00,39.83,39.69,41.08,44.22,42.67,42.59,42.06,43.49,45.13,45.77,43.53,42.83,44.09,45.03,43.96,45.86,46.09,45.45,45.92,44.33,45.08,45.47,45.72,46,6.06,1%,0%
25,Turkey,68.83,63.35,73.54,78.79,82.34,93.53,106.22,110.19,103.89,120.50,129.45,137.27,138.10,144.62,140.02,153.29,169.12,182.38,184.36,181.78,202.38,184.49,194.94,206.59,211.09,231.23,236,3.35,39%,2%
8,United Kingdom,616.34,602.07,574.48,580.24,566.11,591.73,597.83,609.47,602.00,614.80,604.97,613.15,579.82,585.29,574.77,562.46,591.40,568.82,564.09,559.15,561.23,575.19,563.89,575.17,582.29,584.65,586,9.66,-1%,0%
,Europe,"4,707.50","4,535.09","4,455.22","4,430.25","4,485.02","4,591.23","4,633.12","4,675.15","4,612.15","4,672.32","4,568.17","4,480.15","4,343.74","4,338.32","4,276.59","4,332.26","4,485.09","4,502.75","4,487.36","4,436.41","4,500.07","4,559.17","4,532.33","4,678.65","4,713.13","4,717.46","4,721",7.99,5%,0%
100,Armenia,- -,- -,- -,- -,- -,- -,- -,- -,- -,- -,- -,- -,11.14,6.67,6.08,7.35,8.26,7.60,8.03,7.99,8.61,8.78,8.40,9.03,9.19,10.36,10,3.48,25%,0%
69,Azerbaijan,- -,- -,- -,- -,- -,- -,- -,- -,- -,- -,- -,- -,60.14,50.44,46.12,45.27,38.92,38.46,47.82,48.87,43.76,31.22,34.49,34.11,36.06,39.25,40,4.94,2%,1%
49,Belarus,- -,- -,- -,- -,- -,- -,- -,- -,- -,- -,- -,- -,91.63,81.32,66.13,62.38,60.63,58.87,56.78,58.19,60.07,54.01,50.97,55.68,54.80,64.34,65,6.68,8%,1%
82,Estonia,- -,- -,- -,- -,- -,- -,- -,- -,- -,- -,- -,- -,25.75,16.69,16.56,14.73,19.53,18.22,18.52,16.01,16.26,16.63,16.49,18.61,19.25,18.88,19,14.06,-5%,-1%
125,Georgia,- -,- -,- -,- -,- -,- -,- -,- -,- -,- -,- -,- -,15.51,7.74,5.00,5.40,5.68,5.93,5.96,4.83,4.63,4.05,4.56,3.79,4.17,4.88,5,1.00,-18%,-4%
26,Kazakhstan,- -,- -,- -,- -,- -,- -,- -,- -,- -,- -,- -,- -,265.09,227.54,168.18,140.11,142.34,120.10,116.28,133.39,143.45,147.69,153.77,165.91,185.37,203.30,213,14.02,50%,5%
121,Kyrgyzstan,- -,- -,- -,- -,- -,- -,- -,- -,- -,- -,- -,- -,14.07,10.45,8.47,5.57,7.09,7.25,7.75,7.47,7.23,6.53,5.80,5.24,5.87,5.54,5,0.95,-30%,-11%
104,Latvia,- -,- -,- -,- -,- -,- -,- -,- -,- -,- -,- -,- -,12.77,8.94,8.54,9.20,9.85,8.46,8.23,7.44,7.35,7.64,7.41,7.84,8.17,8.58,9,3.84,-11%,2%
87,Lithuania,- -,- -,- -,- -,- -,- -,- -,- -,- -,- -,- -,- -,23.28,17.63,18.50,17.64,15.89,16.35,17.43,13.72,13.28,13.02,13.31,13.60,13.40,15.67,16,4.39,-1%,0%
106,Moldova,- -,- -,- -,- -,- -,- -,- -,- -,- -,- -,- -,- -,20.65,15.00,11.11,9.03,9.44,8.90,8.03,6.06,5.89,5.83,6.34,7.07,6.66,7.20,8,1.74,-20%,5%
3,Russia,- -,- -,- -,- -,- -,- -,- -,- -,- -,- -,- -,- -,"2,056.55","1,911.68","1,725.02","1,638.39","1,616.70","1,482.89","1,482.49","1,560.42","1,582.37","1,571.14","1,571.77","1,626.86","1,663.44","1,698.56","1,704",12.00,5%,0%
108,Tajikistan,- -,- -,- -,- -,- -,- -,- -,- -,- -,- -,- -,- -,7.97,5.23,5.07,3.60,4.71,4.77,5.12,5.54,5.95,6.18,6.04,6.65,7.04,7.46,7,1.06,56%,-1%
61,Turkmenistan,- -,- -,- -,- -,- -,- -,- -,- -,- -,- -,- -,- -,20.47,19.11,18.26,18.56,18.20,19.42,17.59,19.07,23.94,29.76,34.18,44.01,47.01,49.15,50,10.03,176%,2%
19,Ukraine,- -,- -,- -,- -,- -,- -,- -,- -,- -,- -,- -,- -,535.94,496.89,415.26,423.98,366.34,344.10,333.23,327.58,326.83,318.64,326.59,357.42,346.60,349.85,329,7.05,-10%,-6%
35,Uzbekistan,- -,- -,- -,- -,- -,- -,- -,- -,- -,- -,- -,- -,95.95,115.79,97.89,105.06,103.45,103.16,101.79,103.08,106.35,111.25,114.05,114.75,121.62,116.82,121,4.43,17%,3%
,Eurasia,"3,092.69","3,121.40","3,235.65","3,298.61","3,433.25","3,547.09","3,679.68","3,730.63","3,820.20","3,750.41","3,834.05","3,531.43","3,256.92","2,991.14","2,616.18","2,506.26","2,427.01","2,244.48","2,235.07","2,319.67","2,355.98","2,332.38","2,354.20","2,470.57","2,528.65","2,599.84","2,601",9.11,7%,0%
76,Bahrain,7.76,8.84,9.36,10.73,9.57,11.36,12.25,14.74,12.65,13.06,14.29,15.93,13.57,16.03,15.84,15.88,15.86,18.47,19.43,20.25,20.26,20.80,21.85,22.45,23.14,25.26,27,38.44,69%,6%
10,Iran,116.85,108.12,133.69,156.01,151.07,159.97,165.44,174.24,180.75,195.37,202.15,226.57,234.79,238.34,250.86,262.26,263.01,290.76,294.66,317.30,320.69,334.25,365.07,386.91,406.64,445.77,471,7.25,79%,6%
39,Iraq,51.67,37.76,36.80,42.74,42.86,47.59,56.12,53.30,59.99,64.25,69.19,42.46,57.69,66.44,76.92,77.09,76.97,69.83,72.18,75.44,73.58,77.68,79.60,71.58,78.41,97.27,99,3.69,29%,2%
48,Israel,23.50,24.87,26.06,27.31,27.59,26.60,28.13,30.64,33.03,33.98,35.10,36.27,41.99,46.26,48.85,49.33,49.86,54.84,56.75,57.92,60.68,67.54,66.03,65.08,66.49,69.08,67,9.80,35%,-3%
81,Jordan,5.21,6.16,7.04,7.56,7.84,8.10,9.05,9.98,9.28,9.42,10.18,9.62,11.20,11.07,12.70,13.22,14.24,13.78,14.87,15.15,15.63,15.30,16.00,17.08,18.23,19.28,20,3.37,40%,3%
46,Kuwait,31.41,23.60,23.11,25.50,26.49,25.67,29.62,33.87,38.43,43.08,27.74,42.48,23.51,30.71,37.45,39.99,49.32,52.82,56.79,56.49,59.50,57.46,56.23,63.44,67.87,76.72,75,30.92,52%,-3%
89,Lebanon,6.44,5.98,5.89,6.17,5.89,6.86,6.95,7.22,6.54,5.00,4.71,8.21,8.16,10.28,11.77,12.63,13.22,15.33,15.30,16.01,16.46,15.98,16.03,16.15,15.75,15.04,14,3.69,8%,-5%
72,Oman,3.96,4.16,5.04,5.79,7.73,7.37,8.81,8.93,8.09,10.41,12.46,14.19,13.53,14.77,15.08,14.14,14.60,17.96,21.82,20.56,21.79,22.20,22.99,22.47,24.36,30.68,35,11.19,138%,13%
57,Qatar,13.86,14.03,14.15,12.83,15.43,13.83,14.28,14.52,14.81,15.36,18.78,22.31,25.59,29.92,30.01,30.31,31.02,32.65,33.40,31.85,34.70,27.56,29.44,32.48,38.64,52.27,54,61.19,75%,4%
14,Saudi Arabia,176.92,175.22,165.57,166.32,184.01,179.22,190.09,191.15,200.25,198.88,208.02,226.46,235.46,232.93,239.93,235.29,250.08,255.12,258.18,264.04,290.54,301.34,311.62,347.26,388.76,405.54,424,15.70,70%,5%
60,Syria,16.43,17.53,17.70,20.34,22.34,23.50,24.02,27.68,28.51,30.87,36.93,33.15,35.38,38.61,41.40,39.88,42.26,44.43,47.74,50.88,50.99,49.34,51.31,51.72,51.62,50.05,51,2.71,21%,2%
31,United Arab Emirates,30.31,35.11,35.72,42.70,47.56,59.31,67.08,71.24,78.22,81.94,79.08,94.60,102.05,95.79,94.41,100.94,103.71,112.07,116.84,118.39,115.72,115.33,123.81,127.14,133.52,139.79,150,35.05,44%,7%
83,Yemen,6.43,6.55,7.70,7.03,8.88,9.91,9.99,9.90,10.23,10.85,11.44,11.76,12.23,10.09,9.90,10.67,10.91,10.80,11.40,12.31,13.18,13.97,15.40,16.65,16.65,17.38,18,0.84,66%,4%
,Middle East,490.76,467.92,487.82,531.01,557.27,579.29,621.81,647.40,680.77,712.45,730.05,784.00,815.15,841.23,885.13,901.63,935.04,988.87,"1,019.36","1,056.59","1,093.74","1,118.75","1,175.37","1,240.40","1,330.10","1,444.16","1,505",8.04,61%,4%
41,Algeria,67.00,54.71,66.02,71.62,74.98,71.34,71.77,77.21,80.62,78.87,83.15,85.84,82.08,82.30,84.25,88.07,84.64,80.85,84.88,84.59,83.65,79.18,81.72,81.74,80.19,88.23,93,2.83,10%,6%
79,Angola,3.39,3.38,3.59,3.85,3.41,4.29,4.59,4.65,4.84,4.73,7.17,7.48,7.50,7.68,7.39,12.15,12.15,12.96,12.37,13.48,13.03,14.98,15.65,18.91,19.83,20.36,21,1.77,74%,4%
139,Benin,0.42,0.42,0.28,0.42,0.42,0.50,0.50,0.38,0.47,0.50,0.59,0.67,0.77,0.84,0.88,0.96,1.04,1.13,1.22,1.32,1.65,1.65,1.75,2.06,2.40,2.53,3,0.34,156%,5%
130,Botswana,1.26,1.28,1.21,1.15,1.18,1.51,1.64,1.93,2.05,2.34,2.74,2.80,3.23,3.18,3.21,3.51,3.10,3.21,3.74,3.73,4.41,3.81,3.86,3.54,4.03,4.32,4,2.39,38%,-1%
161,Burkina Faso,0.42,0.42,0.42,0.42,0.42,0.40,0.49,0.52,0.51,0.47,0.50,0.58,0.58,0.63,0.69,0.68,0.71,1.08,1.07,1.07,1.06,1.07,1.10,1.14,1.16,1.05,1,0.07,52%,2%
185,Burundi,0.10,0.11,0.10,0.11,0.14,0.15,0.15,0.16,0.24,0.27,0.29,0.33,0.32,0.35,0.37,0.36,0.37,0.37,0.38,0.38,0.37,0.40,0.40,0.42,0.38,0.37,0.4,0.05,3%,2%
111,Cameroon,2.23,2.29,2.67,7.20,7.10,6.59,9.39,8.02,3.48,6.53,3.43,3.47,3.59,6.78,7.58,7.54,6.78,6.90,6.89,6.93,6.83,6.47,6.18,6.12,6.47,6.78,7,0.41,6%,6%
192,Cape Verde,0.30,0.30,0.13,0.13,0.16,0.16,0.05,0.06,0.08,0.09,0.10,0.10,0.11,0.11,0.12,0.11,0.12,0.12,0.12,0.12,0.17,0.14,0.14,0.14,0.30,0.25,0.3,0.62,122%,3%
187,Central African Republic,0.14,0.18,0.19,0.21,0.20,0.20,0.21,0.22,0.24,0.23,0.25,0.26,0.27,0.27,0.29,0.29,0.29,0.30,0.31,0.31,0.32,0.33,0.34,0.34,0.32,0.31,0.3,0.08,11%,5%
196,Chad,0.28,0.26,0.26,0.26,0.12,0.15,0.28,0.24,0.16,0.17,0.34,0.32,0.33,0.16,0.17,0.17,0.17,0.18,0.18,0.18,0.19,0.19,0.20,0.20,0.19,0.21,0.2,0.02,21%,1%
202,Comoros,0.04,0.04,0.04,0.04,0.04,0.04,0.04,0.05,0.05,0.05,0.07,0.07,0.07,0.07,0.07,0.08,0.08,0.08,0.09,0.09,0.10,0.10,0.10,0.10,0.11,0.11,0.1,0.16,35%,1%
117,Congo (Brazzaville),0.72,0.87,0.73,0.61,0.61,0.91,0.81,1.01,0.79,0.90,1.14,0.86,0.85,3.14,3.12,3.10,3.08,3.71,3.67,3.17,3.01,3.20,2.99,3.07,3.07,5.40,6,1.49,79%,2%
144,Congo (Kinshasa),3.41,3.60,3.69,3.65,3.41,3.33,3.84,3.47,4.25,3.95,3.65,3.85,4.35,4.57,3.59,3.72,3.87,3.71,3.56,3.19,2.71,2.01,1.81,1.85,2.39,2.47,3,0.04,-35%,1%
113,Cote d'Ivoire (IvoryCoast),4.01,4.25,3.93,4.25,4.14,4.28,4.80,5.34,5.65,5.62,4.65,3.80,3.86,4.38,4.56,4.54,5.73,5.23,5.41,7.03,7.36,5.86,5.92,5.91,6.45,6.48,6,0.36,10%,-3%
149,Djibouti,1.46,1.17,1.18,0.87,0.72,0.72,0.72,0.73,0.71,1.72,1.73,1.75,1.78,1.80,1.82,1.81,1.82,1.84,1.83,1.83,1.85,1.87,1.87,1.91,1.94,1.92,2,4.12,10%,4%
30,Egypt,40.94,48.95,54.70,64.02,69.99,75.63,81.87,83.96,83.42,86.12,92.68,94.26,93.83,95.40,98.56,99.28,108.55,112.10,114.95,117.40,119.32,129.60,133.71,143.53,153.11,161.22,152,1.92,40%,-6%
122,Equatorial Guinea,0.06,0.06,0.07,0.07,0.07,0.08,0.08,0.08,0.08,0.12,0.12,0.13,0.12,1.06,1.06,1.06,1.56,1.60,1.68,1.84,2.05,2.05,3.94,4.91,3.81,4.89,5,8.37,214%,0%
172,Eritrea,- -,- -,- -,- -,- -,- -,- -,- -,- -,- -,- -,- -,- -,- -,0.99,1.07,1.11,1.14,1.25,1.06,0.64,0.75,0.72,0.81,0.76,0.72,1,0.15,-34%,3%
118,Ethiopia,1.70,1.70,1.89,2.17,2.11,2.53,2.56,2.89,2.75,2.98,3.01,2.46,3.64,3.33,2.19,2.38,1.71,1.71,2.61,3.25,3.46,3.55,3.89,4.19,4.35,4.58,5,0.07,199%,12%
129,Gabon,4.78,4.99,4.86,4.78,5.25,5.34,4.00,3.87,4.17,5.71,5.72,5.73,6.06,5.95,5.79,5.49,5.56,5.63,5.54,5.40,5.07,4.95,4.71,4.89,4.93,4.94,4,3.04,-22%,-12%
188,"Gambia, The",0.15,0.15,0.15,0.15,0.17,0.16,0.16,0.19,0.19,0.19,0.19,0.20,0.20,0.22,0.24,0.22,0.22,0.22,0.24,0.24,0.26,0.28,0.29,0.29,0.30,0.31,0.3,0.19,41%,3%
109,Ghana,2.23,1.95,2.23,1.99,2.27,1.91,2.36,2.72,3.14,3.60,3.03,2.98,3.41,3.50,3.87,3.99,4.10,3.83,3.84,4.47,5.32,5.18,5.46,5.95,6.47,6.53,7,0.32,78%,12%
155,Guinea,0.81,0.80,0.81,0.82,0.83,0.74,1.06,1.12,1.14,1.11,1.48,1.16,1.18,1.21,1.24,1.23,1.25,1.25,1.25,1.25,1.30,1.31,1.32,1.33,1.35,1.38,1,0.14,11%,1%
183,Guinea-Bissau,0.08,0.08,0.08,0.08,0.11,0.12,0.10,0.19,0.21,0.22,0.28,0.29,0.29,0.31,0.32,0.32,0.32,0.32,0.32,0.32,0.36,0.36,0.37,0.38,0.38,0.40,0.4,0.28,26%,2%
99,Kenya,5.75,5.79,5.67,5.50,5.39,5.48,6.22,5.49,6.01,6.58,6.67,5.83,6.57,6.70,7.06,7.18,7.49,6.95,7.86,8.10,8.70,7.98,7.94,8.36,9.21,10.19,11,0.30,44%,6%
194,Lesotho,0.15,0.14,0.15,0.15,0.15,0.15,0.16,0.16,0.10,0.16,0.16,0.16,0.16,0.16,0.18,0.18,0.18,0.18,0.18,0.18,0.21,0.21,0.21,0.21,0.21,0.23,0.2,0.11,26%,0%
181,Liberia,1.89,1.74,1.74,1.74,1.57,1.58,1.28,0.99,1.12,0.99,0.58,0.34,0.35,0.38,0.38,0.38,0.40,0.40,0.41,0.41,0.44,0.47,0.50,0.52,0.53,0.54,1,0.18,37%,1%
58,Libya,32.44,26.67,27.79,27.46,26.24,27.68,30.11,30.92,34.83,37.38,42.41,41.61,36.56,36.88,38.14,39.58,41.76,43.62,41.87,39.69,41.89,43.45,48.38,46.39,52.35,53.79,54,9.07,28%,-1%
141,Madagascar,1.17,1.01,0.88,1.15,1.14,1.24,0.91,1.27,1.39,0.99,0.96,0.98,1.07,1.10,1.25,1.29,1.28,1.30,1.30,1.29,1.81,1.98,2.30,2.38,2.63,2.51,3,0.14,102%,3%
164,Malawi,0.58,0.61,0.55,0.44,0.42,0.45,0.48,0.44,0.41,0.50,0.54,0.65,0.66,0.64,0.71,0.73,0.74,0.74,0.75,0.75,0.76,0.83,0.83,0.76,0.90,0.96,1,0.07,33%,3%
171,Mali,0.42,0.56,0.42,0.42,0.42,0.46,0.36,0.43,0.21,0.47,0.47,0.48,0.50,0.51,0.52,0.52,0.54,0.54,0.55,0.55,0.57,0.57,0.62,0.63,0.65,0.72,1,0.06,41%,5%
135,Mauritania,0.61,0.58,0.59,0.58,0.87,0.86,0.52,0.71,0.89,1.07,0.96,1.01,3.31,3.43,3.40,3.13,3.47,3.17,3.18,3.18,3.24,3.18,3.06,3.15,2.63,3.16,3,0.95,-13%,-4%
131,Mauritius,0.85,0.77,0.74,0.85,0.87,0.89,1.24,1.01,1.43,1.71,1.92,1.90,2.14,2.30,2.24,2.43,2.42,2.41,2.58,2.68,3.50,4.06,3.61,3.72,3.96,3.99,4,3.22,67%,1%
73,Morocco,14.98,14.58,15.20,15.79,14.80,15.74,18.28,18.24,18.89,20.72,21.57,22.34,22.54,25.28,27.69,26.31,27.36,27.33,28.66,30.74,31.25,33.93,33.88,34.63,35.65,39.44,35,1.04,26%,-12%
120,Mozambique,2.63,2.35,2.49,2.33,2.05,2.17,1.25,1.18,1.68,1.33,1.19,1.19,1.19,1.18,1.13,1.23,1.07,1.11,1.26,1.30,1.28,1.50,1.70,1.87,2.13,2.37,5,0.24,365%,110%
138,Namibia,- -,- -,- -,- -,- -,- -,- -,- -,- -,- -,2.38,1.23,1.12,1.34,1.29,1.29,1.35,1.42,1.56,1.72,1.81,2.17,2.23,2.43,2.57,2.59,3,1.32,100%,4%
158,Niger,0.61,0.64,0.68,0.76,0.81,0.81,0.69,0.78,1.02,1.07,1.10,1.11,1.13,1.15,1.17,1.17,1.16,1.14,1.14,1.14,1.13,1.15,1.24,1.27,1.30,1.25,1,0.10,9%,0%
38,Nigeria,69.14,58.82,56.19,55.57,58.76,61.01,59.90,60.68,63.77,76.65,82.48,88.63,94.09,96.65,95.35,100.16,101.74,92.03,88.75,84.82,80.75,91.51,90.94,92.77,92.27,107.42,101,0.77,-1%,-6%
137,Reunion,0.60,0.60,0.64,0.75,0.83,0.81,0.79,0.88,1.07,1.17,1.23,1.43,1.40,1.85,1.89,1.86,1.87,1.88,2.41,2.41,2.51,2.61,2.59,2.59,2.64,2.72,3,NA,48%,2%
168,Rwanda,0.15,0.35,0.34,0.39,0.63,0.67,0.64,0.65,0.62,0.68,0.70,0.71,0.74,0.68,0.70,0.71,0.71,0.70,0.73,0.73,0.77,0.77,0.78,0.79,0.76,0.81,1,0.09,17%,2%
213,Saint Helena,NA,0.00,0.00,0.00,0.00,0.00,0.00,0.01,0.01,0.01,0.01,0.00,0.00,0.01,0.01,0.01,0.01,0.01,0.01,0.01,0.02,0.01,0.01,0.01,0.01,0.01,0,1.78,110%,5%
204,Sao Tome and Principe,0.03,0.03,0.03,0.03,0.03,0.03,0.03,0.03,0.03,0.03,0.07,0.07,0.08,0.08,0.08,0.08,0.08,0.08,0.08,0.08,0.09,0.09,0.10,0.10,0.10,0.10,0.1,0.52,25%,2%
116,Senegal,2.49,2.41,2.46,2.35,2.80,2.75,2.88,2.94,2.52,2.61,2.56,2.36,2.92,2.93,3.58,3.86,3.94,3.58,3.79,4.18,4.43,4.41,4.46,4.50,5.31,5.71,6,0.47,46%,0%
167,Seychelles,0.21,0.17,0.15,0.27,0.28,0.29,0.32,0.34,0.46,0.49,0.45,0.49,0.51,0.52,0.52,0.53,0.53,0.57,0.57,0.57,0.59,0.60,0.88,0.87,0.90,0.88,1,11.34,75%,5%
159,Sierra Leone,0.71,0.71,0.78,0.71,0.71,0.80,0.91,0.98,1.03,1.06,1.07,1.11,0.81,0.82,0.68,0.84,0.84,0.86,0.87,0.87,0.92,0.94,0.95,0.97,1.16,1.16,1,0.20,41%,3%
170,Somalia,1.12,1.29,1.27,1.24,1.29,1.27,1.44,1.07,1.07,1.10,1.01,0.60,0.57,0.58,0.58,0.58,0.58,0.58,0.58,0.58,0.72,0.72,0.72,0.72,0.73,0.73,1,0.08,29%,3%
12,South Africa,236.95,256.80,275.19,278.90,298.95,304.60,311.33,317.92,322.29,300.49,301.04,313.64,323.55,322.40,351.05,351.45,356.31,388.43,369.52,381.06,391.67,399.20,385.23,418.23,447.68,437.76,444,10.04,24%,1%
95,Sudan,3.16,3.24,3.54,3.40,3.12,3.50,4.32,4.18,4.52,4.29,3.89,5.61,5.17,4.92,4.33,4.00,3.97,4.10,4.13,4.46,6.51,7.47,8.66,9.80,10.76,11.41,12,0.32,209%,7%
162,Swaziland,0.73,0.69,0.69,0.53,0.59,0.73,0.72,0.74,0.75,0.77,0.76,0.71,0.65,0.58,0.84,0.92,0.83,0.85,0.97,1.14,1.17,1.16,1.59,1.39,1.47,0.96,1,0.91,25%,8%
124,Tanzania,1.92,2.22,2.18,1.92,2.10,2.13,2.69,2.40,2.54,2.52,2.81,2.33,2.58,2.77,2.53,2.47,2.50,2.45,2.51,2.70,2.73,3.08,3.51,3.67,4.20,4.52,5,0.12,87%,4%
143,Togo,0.58,0.54,0.52,0.57,0.67,0.63,0.54,0.49,0.52,0.59,0.58,1.03,0.72,0.54,0.63,0.62,0.63,0.66,0.66,1.00,1.40,1.00,1.29,2.15,2.27,2.27,3,0.45,298%,10%
80,Tunisia,8.48,9.34,8.74,10.02,10.70,10.83,11.93,10.90,11.85,13.07,13.06,12.97,12.81,15.12,16.07,14.40,15.39,17.33,18.52,19.10,19.67,21.43,21.17,20.81,21.12,22.29,21,2.06,36%,-6%
152,Uganda,0.70,0.45,0.53,0.52,0.53,0.57,0.67,0.56,0.85,0.79,0.84,0.94,0.97,1.00,1.03,1.03,1.02,1.05,1.22,1.22,1.26,1.39,1.46,1.59,1.61,1.69,2,0.06,70%,3%
189,Western Sahara,0.16,0.16,0.18,0.17,0.18,0.18,0.20,0.20,0.21,0.21,0.22,0.22,0.22,0.22,0.22,0.23,0.23,0.23,0.23,0.23,0.27,0.27,0.27,0.27,0.27,0.30,0.3,0.84,34%,2%
142,Zambia,3.64,3.24,3.41,3.04,3.02,2.88,3.09,2.98,3.28,2.99,2.73,2.45,2.99,2.44,1.96,1.93,2.20,2.39,2.23,1.96,1.90,2.06,2.14,2.24,2.34,2.49,3,0.23,17%,3%
101,Zimbabwe,8.98,8.78,8.24,9.86,9.32,9.72,12.57,14.87,15.09,14.32,15.29,16.32,16.71,15.90,15.48,15.03,15.07,14.17,14.16,15.20,13.56,13.01,12.42,11.19,9.84,10.87,10,0.84,-31%,-5%
,Africa,537.76,537.21,571.20,596.28,627.12,641.98,667.96,683.45,699.73,703.29,728.00,749.87,763.20,778.32,815.03,828.24,845.99,871.72,860.62,876.70,892.07,922.55,924.10,974.71,"1,024.82","1,061.61","1,057",1.16,25%,0%
169,Afghanistan,1.36,1.57,1.70,2.11,2.13,2.18,2.40,3.95,6.55,6.42,6.32,2.98,1.77,1.72,1.69,1.45,1.47,1.43,1.39,1.42,1.34,0.85,0.85,0.68,0.72,0.78,1,0.03,-46%,2%
178,American Samoa,0.40,0.46,0.64,0.40,0.46,0.43,0.48,0.49,0.49,0.56,0.58,0.58,0.60,0.60,0.58,0.57,0.58,0.58,0.58,0.58,0.56,0.56,0.57,0.57,0.57,0.61,1,10.59,6%,1%
16,Australia,201.45,199.31,210.69,207.80,217.15,228.85,231.44,240.90,253.00,264.85,269.86,258.22,271.58,281.76,283.42,290.96,304.17,334.06,340.03,358.62,359.80,374.05,382.65,380.68,391.03,416.89,417,20.58,37%,0%
67,Bangladesh,7.64,8.32,8.94,8.11,9.34,9.84,11.19,12.27,13.36,14.56,14.94,14.82,16.51,17.55,19.39,22.57,22.76,23.78,24.15,26.95,29.38,32.54,34.25,36.27,38.24,40.14,43,0.29,88%,6%
186,Bhutan,0.01,0.03,0.03,0.03,0.03,0.03,0.03,0.08,0.08,0.08,0.13,0.13,0.13,0.13,0.21,0.24,0.26,0.27,0.27,0.29,0.29,0.30,0.30,0.30,0.31,0.32,0.3,0.49,24%,2%
102,Brunei,5.24,5.57,5.84,4.86,4.43,5.00,3.46,5.18,4.63,5.25,4.56,2.79,3.65,3.51,2.90,3.52,3.48,3.67,3.27,3.67,3.79,4.22,4.86,5.18,5.78,6.59,10,26.89,185%,50%
90,Burma (Myanmar),4.01,4.12,4.55,5.24,5.72,5.98,4.90,4.82,4.57,4.78,4.66,4.59,4.62,4.84,5.82,6.16,6.26,6.90,8.09,8.77,9.01,8.72,9.28,10.25,11.23,14.08,13,0.27,106%,-9%
177,Cambodia,0.04,0.04,0.04,0.36,0.40,0.41,0.35,0.45,0.47,0.47,0.47,0.48,0.50,0.50,0.51,0.52,0.52,0.54,0.54,0.54,0.55,0.56,0.56,0.57,0.56,0.56,1,0.05,25%,16%
1,China,"1,460.20","1,451.63","1,519.50","1,606.67","1,739.09","1,873.52","1,987.46","2,120.56","2,259.37","2,294.40","2,293.39","2,401.36","2,475.26","2,640.75","2,855.77","2,903.39","2,936.98","3,133.13","3,029.19","2,992.12","2,966.52","3,107.99","3,440.60","4,061.64","4,847.33","5,429.30","6,018",4.58,105%,11%
209,Cook Islands,0.03,0.06,0.06,0.06,0.06,0.06,0.05,0.05,0.05,0.05,0.05,0.04,0.05,0.05,0.05,0.05,0.05,0.05,0.05,0.05,0.06,0.06,0.06,0.06,0.06,0.07,0.1,3.28,48%,1%
157,Fiji,1.31,0.89,1.02,1.02,0.76,0.78,0.80,0.81,0.84,1.03,1.10,1.01,0.85,0.87,0.87,0.89,0.91,0.90,0.88,0.87,0.83,0.83,1.20,1.51,1.29,1.22,1,1.47,46%,9%
166,French Polynesia,0.21,0.31,0.42,0.55,0.84,0.73,0.96,0.99,0.98,0.98,0.92,0.91,0.87,0.85,0.69,0.71,0.71,0.71,0.71,0.71,0.68,0.68,0.69,0.86,0.86,0.92,1,3.37,30%,0%
150,Guam,3.54,5.00,3.84,3.67,1.27,0.63,1.10,0.77,0.80,0.74,1.84,2.08,2.51,3.35,4.76,3.61,3.21,3.66,3.05,3.42,2.87,3.06,2.10,2.43,1.96,2.20,2,11.06,-41%,-14%
43,Hong Kong,18.17,18.83,21.41,25.03,26.72,28.46,32.28,36.29,40.10,41.63,40.31,42.83,45.40,48.53,45.46,47.63,48.65,46.12,51.89,61.94,55.93,60.53,66.32,70.37,78.31,81.00,85,12.23,74%,5%
4,India,293.17,340.05,352.12,369.90,424.88,450.47,477.04,489.91,525.77,557.20,583.25,626.07,664.96,696.88,740.51,878.43,835.16,877.82,914.18,971.11,"1,012.34","1,035.42","1,033.52","1,048.11","1,151.33","1,194.01","1,293",1.16,55%,8%
22,Indonesia,82.70,91.02,91.43,93.41,97.84,105.86,108.54,120.49,124.03,138.41,151.40,156.74,173.45,200.36,210.48,215.20,237.36,247.00,240.97,265.59,273.93,300.18,314.88,305.44,323.29,323.51,280,1.21,18%,-13%
5,Japan,948.93,947.09,901.82,869.08,937.92,928.55,881.22,894.19,964.03,993.69,"1,053.77","1,073.67","1,078.48","1,072.06","1,126.55","1,119.59","1,138.21","1,161.22","1,115.82","1,157.91","1,203.71","1,197.15","1,203.33","1,253.29","1,257.89","1,249.62","1,247",9.78,10%,0%
211,Kiribati,0.02,0.03,0.03,0.03,0.02,0.02,0.02,0.02,0.02,0.02,0.02,0.03,0.02,0.02,0.02,0.02,0.02,0.02,0.02,0.02,0.03,0.03,0.03,0.03,0.03,0.04,0,0.36,72%,0%
44,"Korea, North",111.56,115.53,121.42,126.93,130.75,136.71,136.14,130.28,131.37,130.25,125.23,122.20,106.71,98.57,91.38,83.88,72.25,66.99,60.35,66.43,70.17,71.89,69.14,70.75,72.39,75.50,78,3.36,7%,3%
9,"Korea, South",132.27,138.51,139.57,149.17,164.41,173.24,181.29,186.65,208.80,220.46,243.37,270.91,294.53,331.93,352.81,382.83,403.90,434.91,375.14,432.95,445.81,452.42,468.38,477.74,488.68,496.64,515,10.53,27%,4%
180,Laos,0.41,0.16,0.15,0.16,0.15,0.17,0.21,0.21,0.20,0.23,0.22,0.24,0.27,0.27,0.29,0.30,0.37,0.44,0.48,0.47,0.41,0.53,0.44,0.53,0.53,0.57,1,0.09,57%,1%
146,Macau,0.47,0.44,0.47,0.66,0.73,0.59,0.90,1.00,0.99,1.06,1.09,1.08,1.13,1.25,1.33,1.29,1.48,1.50,1.62,1.73,1.58,1.66,1.84,1.90,2.32,1.98,2,5.02,54%,15%
27,Malaysia,26.33,27.50,28.98,35.77,41.82,44.54,49.04,46.16,47.14,52.62,65.04,70.26,72.93,80.17,86.35,89.58,101.86,102.28,102.88,106.56,112.14,125.11,134.04,149.93,165.91,160.24,164,6.70,61%,2%
173,Maldives,0.01,0.01,0.01,0.01,0.06,0.06,0.08,0.08,0.09,0.09,0.10,0.10,0.10,0.12,0.24,0.34,0.36,0.31,0.34,0.34,0.48,0.52,0.95,1.07,0.75,0.60,1,2.02,104%,21%
105,Mongolia,7.16,6.39,7.58,7.86,7.99,8.92,9.83,10.35,10.70,10.14,9.56,11.49,9.92,8.95,8.34,8.81,8.73,7.23,6.94,6.75,6.69,7.11,7.56,7.11,7.69,8.42,8,2.91,-3%,0%
198,Nauru,0.13,0.13,0.13,0.13,0.13,0.13,0.15,0.15,0.15,0.15,0.16,0.16,0.16,0.16,0.16,0.16,0.16,0.16,0.16,0.16,0.16,0.16,0.17,0.17,0.17,0.18,0.2,13.65,11%,3%
136,Nepal,0.48,0.38,0.53,0.53,0.68,0.55,0.69,0.82,0.81,0.81,0.63,0.93,1.11,1.04,1.32,1.40,1.67,1.93,2.81,3.19,3.11,3.26,2.66,2.81,2.90,2.99,3,0.11,80%,0%
140,New Caledonia,1.72,1.63,1.15,1.07,1.23,1.29,1.38,1.49,1.44,1.63,1.57,1.71,1.78,1.78,1.73,1.73,1.83,1.68,1.70,1.68,2.01,2.02,2.30,2.39,2.56,2.59,3,11.85,42%,0%
70,New Zealand,20.04,19.65,20.95,21.48,22.88,23.40,24.78,25.70,27.59,27.55,28.87,28.96,31.27,30.15,31.47,31.41,32.45,33.94,32.20,34.99,35.13,37.77,38.24,39.54,37.24,37.63,38,9.38,18%,2%
214,Niue,0.00,0.00,0.00,0.00,0.00,0.00,0.00,0.00,0.00,0.00,0.00,0.00,0.00,0.00,0.00,0.00,0.00,0.00,0.00,0.00,0.00,0.00,0.00,0.00,0.00,0.00,0,NA,47%,13%
34,Pakistan,33.72,36.40,42.47,41.62,42.53,46.67,50.85,56.09,58.29,62.16,67.08,68.19,70.27,77.91,85.08,87.81,95.34,95.92,99.27,106.58,109.11,104.18,106.41,108.60,114.51,121.44,126,0.78,32%,3%
126,Papua New Guinea,1.72,1.72,1.72,1.72,1.95,2.05,2.29,2.54,2.38,2.43,2.46,2.44,2.58,2.60,2.49,2.62,2.68,2.68,2.58,2.58,2.60,2.60,3.69,4.27,4.31,4.24,5,0.82,74%,10%
47,Philippines,33.88,32.16,31.92,31.00,28.59,27.15,28.77,33.82,35.72,40.08,41.46,41.78,46.16,50.75,53.26,57.93,60.42,65.89,67.00,69.56,71.17,71.93,72.49,72.71,75.10,77.97,72,0.81,20%,-7%
199,Samoa,0.09,0.10,0.11,0.11,0.14,0.11,0.12,0.12,0.12,0.12,0.13,0.13,0.13,0.13,0.13,0.14,0.14,0.14,0.14,0.14,0.14,0.14,0.15,0.15,0.16,0.17,0.2,0.80,23%,2%
33,Singapore,29.41,30.89,32.69,32.49,34.44,33.44,41.35,46.03,49.01,53.35,57.73,61.18,68.11,75.85,81.89,82.97,98.49,100.25,104.54,104.89,107.64,111.96,110.26,112.66,126.40,133.85,141,31.41,43%,5%
195,Solomon Islands,0.10,0.14,0.13,0.14,0.14,0.12,0.13,0.15,0.16,0.17,0.17,0.17,0.17,0.17,0.17,0.17,0.17,0.17,0.17,0.17,0.18,0.18,0.18,0.18,0.19,0.21,0.2,0.38,23%,1%
92,Sri Lanka,4.88,4.88,5.07,5.18,5.73,4.81,5.22,5.96,5.23,4.80,5.26,5.28,5.63,6.35,6.68,7.13,8.03,8.94,8.99,9.79,11.33,11.08,11.28,11.73,12.04,12.90,13,0.61,56%,-3%
21,Taiwan,70.77,64.10,63.45,71.08,81.78,81.84,88.85,91.99,106.59,117.66,118.77,124.87,132.27,151.35,162.94,183.38,198.25,210.45,224.91,224.09,252.15,249.10,273.82,290.27,286.56,290.41,300,13.19,52%,3%
24,Thailand,33.58,34.42,33.17,35.57,39.47,44.62,45.57,51.59,59.07,70.07,83.86,92.86,100.72,114.56,127.96,145.11,170.20,176.74,162.45,171.48,161.86,172.17,187.17,205.87,225.66,242.68,245,3.79,44%,1%
200,Tonga,0.03,0.04,0.04,0.04,0.04,0.04,0.05,0.07,0.08,0.09,0.09,0.10,0.10,0.10,0.12,0.12,0.13,0.13,0.13,0.13,0.13,0.13,0.11,0.11,0.12,0.15,0.2,1.35,21%,6%
190,U.S. Pacific Islands,0.15,0.15,0.15,0.15,0.14,0.13,0.13,0.13,0.18,0.28,0.29,0.29,0.30,0.29,0.29,0.30,0.30,0.30,0.30,0.30,0.30,0.30,0.30,0.30,0.30,0.30,0.3,1.10,-2%,0%
203,Vanuatu,0.12,0.10,0.10,0.10,0.10,0.11,0.12,0.12,0.14,0.12,0.13,0.10,0.07,0.07,0.07,0.07,0.07,0.07,0.07,0.07,0.08,0.08,0.09,0.09,0.09,0.10,0.1,0.51,63%,6%
42,Vietnam,13.50,13.10,14.28,14.44,14.95,16.93,15.06,17.10,14.98,16.75,17.28,18.15,18.46,23.60,25.08,33.49,39.54,41.18,43.56,46.09,48.49,52.41,61.23,65.99,82.18,82.07,92,1.09,132%,12%
156,Wake Island,1.24,1.23,1.23,1.23,1.24,1.22,1.28,1.28,1.27,1.27,1.24,1.24,1.27,1.27,1.27,1.29,1.29,1.30,1.30,1.30,1.31,1.31,1.33,1.33,1.33,1.32,1,NA,5%,2%
,Asia & Oceania,"3,558.55","3,611.44","3,678.27","3,783.39","4,098.79","4,298.01","4,432.56","4,642.10","4,961.63","5,139.46","5,299.37","5,514.12","5,707.36","6,033.72","6,422.51","6,699.74","6,840.88","7,197.39","7,035.13","7,246.99","7,365.81","7,607.73","8,050.28","8,806.46","9,820.89","10,517.00","11,220",3.07,64%,7%
,World Total,"18,503.12","18,270.09","18,169.02","18,292.15","19,169.16","19,627.17","20,032.32","20,584.54","21,243.53","21,568.60","21,683.16","21,558.56","21,510.04","21,761.68","21,931.86","22,284.01","22,805.60","23,246.88","23,159.76","23,535.29","24,010.66","24,253.49","24,823.30","26,063.96","27,453.30","28,485.00","29,195",4.48,28%,2%
